[
  {
    "keyword": "Mishusoft",
    "content": "Mishusoft"
  },
  {
    "keyword": "Mishusoft Systems Incorporated",
    "content": "Mishusoft Systems Incorporated"
  },
  {
    "keyword": "Account",
    "content": "Account"
  },
  {
    "keyword": "Company",
    "content": "Company"
  },
  {
    "keyword": "Welcome to Mishusoft family",
    "content": "Welcome to Mishusoft family"
  },
  {
    "keyword": "We offered to join with us and receive any service, then the valued customers take a relax.",
    "content": "We offered to join with us and receive any service, then the valued customers take a relax."
  },
  {
    "keyword": "Select one or take a support!!",
    "content": "Select one or take a support!!"
  },
  {
    "keyword": "Mishusoft Systems Incorporated is a software development company that is going to be established with a view to offering high quality IT solutions at home and abroad. The company is keen to take the advantage of fast growing global software and data processing industry by offering professional service and price for support and benefit of the valued customers.",
    "content": "Mishusoft Systems Incorporated is a software development company that is going to be established with a view to offering high quality IT solutions at home and abroad. The company is keen to take the advantage of fast growing global software and data processing industry by offering professional service and price for support and benefit of the valued customers."
  },
  {
    "keyword": "Help",
    "content": "Help"
  },
  {
    "keyword": "Why need an account?",
    "content": "Why need an account?"
  },
  {
    "keyword": "Logout",
    "content": "Logout"
  },
  {
    "keyword": "Log In / Join",
    "content": "Log In / Join"
  },
  {
    "keyword": "Profile",
    "content": "Profile"
  }
]