[
  {
    "keyword": "Mishusoft",
    "content": "মিশুসফট"
  },
  {
    "keyword": "Mishusoft Systems Incorporated",
    "content": "মিশুসফ্ট সিস্টেমস ইনকর্পোরেটেড"
  },
  {
    "keyword": "Account",
    "content": "এ্যাকাউন্ট"
  },
  {
    "keyword": "Company",
    "content": "কোম্পানী"
  },
  {
    "keyword": "Welcome to Mishusoft family",
    "content": "মিশুসফ্ট পরিবারে স্বাগতম"
  },
  {
    "keyword": "We offered to join with us and receive any service, then the valued customers take a relax.",
    "content": "আমাদের সাথে যোগ দিয়ে যে কোন পরিষেবা গ্রহণ করুন, তারপর সম্মানীত গ্রাহক আপনি নিশ্চিন্তে থাকুন।"
  },
  {
    "keyword": "Select one or take a support!!",
    "content": "যে কোন একটি নির্বাচন করুন অথবা সাহায্য গ্রহণ করুন!!"
  },
  {
    "keyword": "Mishusoft Systems Incorporated is a software development company that is going to be established with a view to offering high quality IT solutions at home and abroad. The company is keen to take the advantage of fast growing global software and data processing industry by offering professional service and price for support and benefit of the valued customers.",
    "content": "মিশুসফ্ট সিস্টেমস ইনকর্পোরেটেড এমন একটি সফ্টওয়্যার ডেভলপমেন্ট সংস্থা যা দেশে এবং বিদেশে উচ্চমানের আইটি সমাধান সরবরাহ করার লক্ষ্যে প্রতিষ্ঠিত হতে চলেছে। সংস্থাটি মূল্যবান গ্রাহকদের সমর্থন এবং সুবিধার্থে পেশাদার পরিষেবা এবং মূল্য সরবরাহ করে দ্রুত বর্ধমান গ্লোবাল সফ্টওয়্যার এবং ডেটা প্রসেসিং শিল্পের সুবিধা নিতে আগ্রহী।"
  },
  {
    "keyword": "Help",
    "content": "সাহায্য"
  },
  {
    "keyword": "About US",
    "content": "আমাদের সম্পর্কে"
  },
  {
    "keyword": "Why need an account?",
    "content": "কেন একটি এ্যাকাউন্ট প্রয়োজন?"
  },
  {
    "keyword": "Logout",
    "content": "লগআউট"
  },
  {
    "keyword": "Log In / Join",
    "content": "লগইন / যোগদান"
  },
  {
    "keyword": "Profile",
    "content": "প্রোফাইল"
  }
]